,,All recorded offences,,,,,,,,,,,,,,,,,,Violence Against the Person,,,,,,,,,,,,,,,,,,Sexual Offences,,,,,,,,,,,,,,,,,,Robbery,,,,,,,,,,,,,,,,,,Burglary,,,,,,,,,,,,,,,,,,Theft and Handling,,,,,,,,,,,,,,,,,,Fraud or Forgery,,,,,,,,,,,,,,,,,,Criminal Damage,,,,,,,,,,,,,,,,,,Drugs,,,,,,,,,,,,,,,,,,Other Notifiable Offences,,,,,,,,,,,,,,,,,,Mid-year estimates,,,,,,,,,,,,,,,,,
Code,Borough,1999-00,2000-01,2001-02,2002-03,2003-04,2004-05,2005-06,2006-07,2007-08,2008-09,2009-10,2010-11,2011-12,2012-13,2013-14,2014-15,2015-16,2016-17,1999-00,2000-01,2001-02,2002-03,2003-04,2004-05,2005-06,2006-07,2007-08,2008-09,2009-10,2010-11,2011-12,2012-13,2013-14,2014-15,2015-16,2016-17,1999-00,2000-01,2001-02,2002-03,2003-04,2004-05,2005-06,2006-07,2007-08,2008-09,2009-10,2010-11,2011-12,2012-13,2013-14,2014-15,2015-16,2016-17,1999-00,2000-01,2001-02,2002-03,2003-04,2004-05,2005-06,2006-07,2007-08,2008-09,2009-10,2010-11,2011-12,2012-13,2013-14,2014-15,2015-16,2016-17,1999-00,2000-01,2001-02,2002-03,2003-04,2004-05,2005-06,2006-07,2007-08,2008-09,2009-10,2010-11,2011-12,2012-13,2013-14,2014-15,2015-16,2016-17,1999-00,2000-01,2001-02,2002-03,2003-04,2004-05,2005-06,2006-07,2007-08,2008-09,2009-10,2010-11,2011-12,2012-13,2013-14,2014-15,2015-16,2016-17,1999-00,2000-01,2001-02,2002-03,2003-04,2004-05,2005-06,2006-07,2007-08,2008-09,2009-10,2010-11,2011-12,2012-13,2013-14,2014-15,2015-16,2016-17,1999-00,2000-01,2001-02,2002-03,2003-04,2004-05,2005-06,2006-07,2007-08,2008-09,2009-10,2010-11,2011-12,2012-13,2013-14,2014-15,2015-16,2016-17,1999-00,2000-01,2001-02,2002-03,2003-04,2004-05,2005-06,2006-07,2007-08,2008-09,2009-10,2010-11,2011-12,2012-13,2013-14,2014-15,2015-16,2016-17,1999-00,2000-01,2001-02,2002-03,2003-04,2004-05,2005-06,2006-07,2007-08,2008-09,2009-10,2010-11,2011-12,2012-13,2013-14,2014-15,2015-16,2016-17,1999,2000,2001,2002,2003,2004,2005,2006,2007,2008,2009,2010,2011,2012,2013,2014,2015,2016
E09000001,City of London,,,,,,,,,,,,,,,,102.3,103.6,101.5,,,,,,,,,,,,,,,,,,,,,,,,,,,,,,,,,,,,,,,,,,,,,,,,,,,,,,,,,,,,,,,,,,,,,,,,,,,,,,,,,,,,,,,,,,,,,,,,,,,,,,,,,,,,,,,,,,,,,,,,,,,,,,,,,,,,,,,,,,,,,,,,,,,,,,,,,,,,,,,,,,,,,,,,,,,,,,,,,,,,
E09000002,Barking and Dagenham,120.5,123.6,124.0,122.6,133.2,129.5,132.7,127.9,115.6,115.9,111.7,104.9,100.7,90.5,82.9,81.9,86.5,70.9,19.8,22.0,23.8,26.4,29.5,31.5,31.8,30.8,29.3,30.6,29.4,24.5,22.0,19.7,21.6,26.1,30.2,24.7,1.1,1.3,1.3,1.5,1.4,1.5,1.6,1.6,1.7,1.2,1.5,1.4,1.5,1.4,1.5,2.0,2.0,1.9,3.2,4.5,5.2,4.1,4.8,4.5,4.7,4.8,3.7,4.4,4.7,5.1,5.5,3.5,2.7,2.5,2.9,2.1,15.8,12.0,13.4,12.1,13.5,13.1,11.6,12.7,9.2,12.0,13.7,12.1,13.0,13.3,10.3,9.5,7.6,5.1,40.8,41.9,42.4,40.1,42.9,40.4,43.3,39.1,36.5,32.7,31.9,34.5,33.4,32.8,30.2,26.2,26.5,23.4,13.5,14.6,12.3,10.6,10.5,11.1,10.8,9.5,7.1,6.9,7.4,6.6,6.7,3.6,0.2,0.1,0.1,0.1,22.6,23.9,21.8,21.0,24.5,23.4,23.8,22.1,18.9,17.6,14.9,13.2,11.2,8.8,8.5,8.4,9.7,7.6,2.7,2.5,2.8,5.2,4.7,2.5,3.9,5.9,7.8,8.8,6.4,5.5,5.5,6.0,6.2,5.5,5.8,4.5,1.0,1.0,1.1,1.6,1.5,1.5,1.4,1.5,1.4,1.7,2.0,1.8,1.8,1.4,1.6,1.7,1.7,1.5,"162,444","163,893","165,654","166,357","166,210","165,610","166,275","167,157","169,031","172,452","177,580","182,838","187,029","190,560","194,352","198,294","201,979","206,460"
E09000003,Barnet,98.0,95.7,101.0,107.1,112.8,117.0,106.5,90.4,79.6,77.8,76.0,73.1,73.5,69.7,61.6,61.9,65.8,55.8,13.5,14.5,15.2,16.4,18.1,22.2,19.5,16.7,15.6,15.3,14.0,12.6,11.6,11.2,12.3,16.2,18.9,16.9,0.8,0.7,0.8,0.9,0.8,1.2,0.9,0.9,0.8,0.7,0.9,0.9,0.8,0.8,1.0,1.1,1.3,1.2,2.8,3.3,4.2,3.3,3.4,3.7,3.7,3.2,2.9,2.6,2.8,2.7,3.4,2.9,1.9,1.4,1.6,1.0,14.5,13.0,12.4,12.6,12.4,12.5,13.3,11.8,12.2,11.1,12.3,13.1,13.7,13.2,10.8,9.8,10.2,6.9,35.1,35.9,37.8,42.6,45.2,48.1,46.4,35.7,30.4,30.1,28.3,27.6,28.3,28.7,26.2,24.2,24.4,22.1,12.5,9.8,12.3,12.8,13.5,11.5,6.1,6.3,2.9,4.3,4.4,4.1,5.3,4.0,0.1,0.1,0.1,0.1,16.3,16.0,15.9,15.8,16.4,14.5,13.5,11.9,10.0,8.7,7.8,7.7,6.6,5.4,5.3,5.6,5.9,4.8,1.6,1.5,1.7,1.9,2.0,2.5,2.3,3.1,3.9,3.9,4.5,3.6,3.0,2.6,3.1,2.4,2.2,1.9,0.9,0.9,0.8,0.8,1.1,0.9,0.7,0.9,0.9,1.0,0.9,0.8,0.7,0.8,0.9,1.0,1.1,1.0,"313,469","315,784","319,481","320,552","321,802","323,723","327,541","330,801","334,837","339,212","345,829","351,438","357,538","363,956","369,088","374,915","379,691","386,083"
E09000004,Bexley,95.1,96.3,96.9,90.1,92.5,85.4,90.0,76.1,74.8,71.3,67.7,59.6,52.3,52.7,50.0,51.2,52.2,45.6,14.5,14.7,15.3,16.2,18.4,18.7,19.7,16.8,14.4,15.3,16.6,13.3,11.7,12.1,11.7,15.1,17.1,15.8,0.7,0.9,1.0,0.9,0.7,1.2,0.9,0.8,0.7,0.6,0.8,0.8,0.7,0.8,1.0,1.2,1.2,1.3,1.3,1.9,2.3,1.5,1.8,1.8,2.1,2.0,1.7,1.7,1.3,1.4,1.4,1.0,1.1,0.8,0.7,0.8,13.6,11.8,10.9,10.7,10.1,9.0,10.6,9.3,9.7,9.9,8.8,8.3,6.5,7.2,7.5,5.9,4.5,3.6,36.1,35.8,31.8,30.8,30.1,25.3,27.6,22.0,24.9,23.2,21.4,19.1,17.3,18.8,17.9,17.7,17.5,15.1,6.2,5.8,6.5,6.1,6.2,5.0,4.8,3.7,3.2,2.7,2.9,2.6,2.8,1.8,0.0,0.0,0.0,0.0,20.2,22.6,26.2,20.8,22.0,21.4,21.1,18.1,15.3,12.8,11.4,9.2,7.2,6.6,5.9,6.4,6.6,5.9,1.7,2.0,2.0,2.3,2.2,2.3,2.3,2.5,4.2,4.4,3.8,4.2,4.0,3.4,3.7,3.1,2.9,2.0,0.8,0.9,0.9,0.8,0.9,0.8,0.9,1.0,0.7,0.8,0.8,0.7,0.7,0.9,1.0,1.1,1.6,1.1,"217,458","218,717","218,757","219,123","220,016","220,917","222,391","223,280","224,625","226,652","228,146","230,711","232,774","234,271","236,687","239,865","242,142","244,760"
E09000005,Brent,127.7,122.7,123.4,124.3,133.6,132.6,129.7,110.2,99.3,93.5,97.4,96.8,101.2,86.6,77.1,78.3,80.6,70.8,20.8,21.8,21.1,23.3,27.5,34.0,30.5,22.5,20.9,22.3,23.5,23.3,23.3,19.7,20.2,25.2,27.1,23.9,1.3,1.3,1.2,1.1,1.4,1.1,1.2,1.2,1.2,1.0,1.0,1.1,1.1,1.2,1.2,1.5,1.6,1.5,7.7,7.3,8.7,6.7,6.7,7.8,8.7,7.8,7.7,5.8,6.2,6.6,7.1,4.6,3.5,2.7,3.0,2.2,17.5,16.8,15.2,14.3,15.1,14.9,14.4,12.0,12.1,11.9,12.5,11.9,12.7,11.8,9.0,8.1,8.4,6.8,39.9,39.1,40.2,41.8,45.6,41.6,42.0,37.4,31.0,26.8,28.4,27.4,28.7,26.0,24.5,24.0,26.7,23.7,19.0,15.5,15.2,16.2,15.5,12.1,7.1,5.4,4.0,4.9,5.2,4.4,4.8,3.7,0.1,0.1,0.1,0.1,16.4,16.4,16.8,15.8,16.7,14.6,13.3,11.9,10.3,9.1,9.2,8.4,7.6,6.6,6.5,6.7,6.6,5.9,3.7,3.2,3.8,4.0,3.8,4.8,11.4,10.7,11.0,10.7,10.0,12.3,14.5,11.6,10.7,8.5,5.7,5.2,1.4,1.3,1.2,1.1,1.3,1.7,1.2,1.4,1.2,1.0,1.3,1.4,1.5,1.4,1.4,1.5,1.4,1.4,"260,317","264,945","269,620","269,871","268,323","268,335","270,939","276,504","283,273","290,901","298,118","304,785","312,245","314,660","317,264","320,762","324,012","328,254"
E09000006,Bromley,89.8,88.5,96.7,102.1,104.0,103.5,102.8,94.4,83.3,86.4,77.5,71.4,70.5,64.5,61.2,63.6,65.1,52.7,10.9,12.9,13.0,15.9,16.8,19.4,18.4,18.9,16.7,18.3,17.4,15.7,14.7,13.1,13.9,18.6,20.5,17.2,0.6,0.6,0.8,0.8,0.8,1.0,1.0,0.9,0.8,0.7,0.9,0.8,0.8,0.8,1.0,1.2,1.3,1.2,1.8,2.3,3.1,2.4,2.9,2.5,3.0,3.7,2.6,2.6,1.9,2.1,2.3,1.9,1.7,1.2,1.1,1.0,12.4,11.0,12.1,12.1,11.7,12.7,13.1,11.9,11.0,11.9,11.7,9.7,11.0,10.5,9.6,7.8,7.9,5.4,36.8,35.0,39.2,40.1,39.5,34.9,36.9,32.2,28.8,30.6,24.8,24.7,24.8,25.5,24.1,23.5,23.3,19.5,6.9,4.7,5.8,7.9,7.7,7.5,6.5,4.4,3.7,4.1,4.7,5.0,4.5,1.8,0.0,0.1,0.1,0.1,17.9,19.6,20.2,20.1,21.9,22.3,20.8,18.4,15.4,13.5,10.8,9.1,8.3,6.9,6.4,7.2,7.0,5.6,1.8,1.5,1.7,1.8,1.9,2.4,2.5,3.3,3.5,3.9,4.2,3.5,3.4,3.3,3.5,2.9,2.6,1.7,0.7,0.8,0.8,0.9,0.8,0.8,0.6,0.8,0.7,0.8,1.1,0.8,0.7,0.8,0.9,1.1,1.3,1.1,"294,902","295,317","296,218","296,668","297,253","297,307","299,421","300,963","302,625","304,968","306,924","308,560","310,554","314,036","317,899","321,278","324,857","326,889"
E09000007,Camden,241.0,238.5,262.2,264.2,249.8,219.1,200.1,201.1,167.4,162.5,158.6,159.3,162.7,146.0,124.7,121.0,125.2,103.1,28.1,27.2,27.0,28.5,31.4,36.9,34.9,31.2,27.4,28.6,27.3,27.4,25.2,22.4,20.2,25.8,31.1,26.3,1.6,1.6,2.1,1.7,2.1,2.6,2.2,1.6,1.1,0.9,1.4,1.6,1.7,1.5,1.5,2.0,2.6,2.0,8.7,9.7,12.0,8.7,6.5,6.3,6.0,7.6,6.3,4.8,5.2,5.9,6.3,4.7,4.2,3.8,4.2,3.1,27.3,27.0,28.9,28.8,23.7,20.1,19.5,20.5,18.3,16.6,15.4,15.6,15.1,13.0,13.6,12.4,11.7,8.7,115.1,122.7,138.7,144.4,133.9,109.3,101.0,102.8,81.5,71.2,76.0,80.3,85.7,79.0,67.0,59.4,59.1,49.4,25.4,17.6,19.8,16.3,16.6,15.3,9.2,5.4,3.5,4.4,4.3,5.2,5.1,5.8,0.2,0.2,0.1,0.2,24.0,23.6,25.0,25.9,24.0,19.5,17.6,18.0,14.1,12.5,11.7,10.6,9.6,7.9,6.9,7.3,8.1,6.7,8.8,7.2,6.5,8.0,9.2,7.5,8.2,11.6,13.2,21.2,15.3,11.0,12.2,9.7,9.1,8.4,6.4,4.9,2.1,1.8,2.1,1.9,2.3,1.6,1.5,2.4,1.9,2.4,2.0,1.8,1.6,2.1,2.0,1.9,1.9,1.8,"190,003","196,174","202,567","203,972","204,254","207,341","211,088","211,032","211,520","210,273","212,924","214,725","220,087","224,962","229,719","234,846","241,059","246,181"
E09000008,Croydon,113.7,105.4,111.8,115.1,110.3,103.8,102.8,92.6,88.9,93.9,94.1,90.2,89.8,84.3,75.7,76.6,76.4,67.4,17.7,18.9,18.5,22.8,23.6,25.5,22.9,19.8,18.5,19.8,20.0,18.5,18.3,17.7,17.6,23.7,26.6,23.6,0.9,1.2,1.1,1.3,1.1,1.2,1.0,1.0,1.1,1.1,1.3,1.3,1.3,1.3,1.5,1.8,2.0,1.8,3.3,4.7,6.3,5.6,5.3,4.4,5.4,5.4,4.9,4.0,4.6,4.6,5.0,5.5,4.0,2.5,1.9,2.9,14.2,11.3,12.3,12.3,11.2,9.6,10.6,10.2,10.7,11.6,11.7,12.2,12.3,11.2,10.2,8.2,6.9,6.0,40.0,37.6,39.9,41.3,37.8,34.3,35.4,30.1,27.1,29.0,30.4,30.4,30.0,30.1,28.2,26.1,25.0,21.1,13.5,9.4,11.4,10.6,10.5,9.3,8.6,6.1,4.7,5.3,5.3,4.8,5.2,2.9,0.1,0.1,0.1,0.1,21.1,19.4,19.1,16.9,17.1,16.2,15.0,14.7,13.7,13.0,12.4,10.7,9.7,7.9,7.6,7.8,8.2,7.3,2.0,2.1,2.3,3.4,2.6,2.3,3.1,4.5,7.2,8.7,7.2,6.4,6.7,6.5,5.4,5.0,3.9,3.1,0.9,0.7,0.9,1.0,1.1,1.0,0.8,0.8,1.0,1.2,1.3,1.2,1.2,1.3,1.1,1.5,1.8,1.7,"332,066","334,241","335,112","335,415","335,919","337,134","339,052","340,449","344,029","349,308","352,763","357,951","364,815","368,886","372,752","376,040","379,031","382,304"
E09000009,Ealing,128.2,126.7,127.3,129.8,123.1,117.4,119.2,116.5,106.6,101.1,102.0,104.9,96.0,88.1,75.6,75.8,78.8,69.0,22.0,21.1,22.3,23.1,23.2,25.8,25.2,24.2,24.2,23.6,24.4,24.3,21.0,20.4,18.3,23.1,26.9,23.3,1.2,1.1,1.1,1.2,1.2,1.3,1.0,1.0,1.0,1.0,1.0,1.1,1.2,1.1,1.4,1.5,1.6,1.4,5.6,5.0,7.4,5.9,4.8,5.0,6.4,7.5,4.9,4.2,4.4,4.8,4.4,3.5,2.5,1.8,2.0,1.6,15.3,15.2,14.8,14.7,14.2,14.0,16.0,12.5,13.3,11.9,11.5,11.5,11.4,11.5,9.7,8.5,7.2,6.2,45.4,49.2,49.5,52.7,46.9,44.8,43.1,41.6,34.4,31.6,32.9,36.7,33.7,33.2,30.4,27.9,27.8,25.4,12.9,10.6,9.6,10.7,10.4,6.3,5.8,4.4,4.0,7.4,7.9,6.9,6.6,3.2,0.1,0.2,0.2,0.1,21.1,20.4,18.9,17.0,18.4,15.1,15.4,15.8,12.4,10.6,10.7,10.6,9.1,7.2,6.7,6.9,7.3,6.2,3.4,2.8,2.5,3.2,2.6,3.6,4.9,7.9,11.1,9.5,7.7,7.4,6.9,6.7,5.2,4.6,4.2,3.3,1.3,1.2,1.3,1.4,1.5,1.5,1.5,1.5,1.3,1.3,1.4,1.5,1.7,1.3,1.3,1.5,1.6,1.5,"302,252","304,370","307,276","309,242","308,108","310,073","312,774","315,329","318,671","324,022","329,966","334,073","339,314","340,671","342,494","342,118","343,059","343,196"
E09000010,Enfield,104.8,101.9,106.0,107.0,106.4,99.7,96.5,94.1,86.7,82.5,81.0,76.9,73.0,71.0,70.6,68.7,69.9,58.5,14.8,17.4,18.3,19.9,18.2,18.4,18.5,18.6,14.5,14.2,15.4,14.4,13.2,13.7,14.9,19.4,21.3,18.9,0.8,0.9,1.1,1.1,1.1,0.9,1.0,0.8,0.8,0.8,1.1,1.1,0.9,1.0,1.1,1.5,1.6,1.4,3.7,4.2,4.7,3.8,4.3,4.1,5.1,5.2,4.4,3.8,4.4,4.2,3.6,3.4,2.9,2.6,2.8,2.2,17.9,14.4,15.9,15.3,13.7,12.5,13.5,12.7,12.5,13.4,13.0,11.5,11.3,11.8,10.8,9.1,8.4,6.1,37.2,38.4,39.8,40.9,41.8,38.2,34.1,31.5,29.9,26.6,24.9,25.4,25.7,27.0,28.0,24.2,23.9,20.8,12.8,9.4,8.0,6.6,7.9,7.3,5.4,4.1,3.0,3.7,4.0,4.4,4.3,2.7,0.1,0.1,0.1,0.1,14.1,13.9,15.2,15.7,16.6,15.2,13.9,13.0,12.5,11.8,11.3,9.2,8.3,6.5,6.3,6.5,6.4,5.4,2.4,2.0,2.0,2.7,2.0,2.0,4.1,7.3,8.1,7.2,5.8,5.5,4.7,3.8,5.3,4.1,4.1,2.3,1.1,1.0,1.2,1.1,0.8,1.2,1.0,0.9,0.9,0.9,1.1,1.3,1.1,1.0,1.2,1.4,1.4,1.4,"272,731","275,068","277,266","280,745","281,835","282,217","284,779","287,429","291,534","297,443","301,971","307,648","313,935","317,287","320,524","324,574","328,433","331,395"
E09000011,Greenwich,141.4,131.3,133.3,140.9,139.8,137.3,136.0,127.5,129.4,119.6,105.1,96.8,87.7,81.2,74.4,78.2,79.9,71.6,29.4,29.4,28.8,31.1,30.6,34.6,33.5,32.0,30.7,28.1,25.1,21.8,20.8,20.3,20.5,25.4,29.5,26.0,1.6,1.6,1.7,1.7,1.7,1.5,1.6,1.5,1.4,1.3,1.6,1.7,1.4,1.3,1.3,1.8,1.9,1.7,2.2,2.2,3.4,3.1,4.8,5.2,5.3,6.3,5.5,4.5,3.5,3.6,3.0,2.1,1.7,1.6,1.7,1.4,17.8,14.2,12.8,13.5,13.7,13.1,13.9,13.9,14.5,14.9,12.0,10.8,10.3,8.7,8.9,7.7,6.7,5.4,52.3,48.5,48.2,53.1,50.6,45.0,44.7,37.3,43.0,39.5,35.1,34.1,30.3,31.3,27.6,27.8,25.8,25.2,8.6,6.2,9.9,9.8,8.7,7.4,7.2,8.2,5.3,5.8,5.0,5.2,4.9,2.8,0.2,0.1,0.2,0.2,24.1,23.6,23.2,24.1,25.7,24.4,23.4,21.4,19.1,16.4,15.0,12.8,10.6,8.4,7.5,7.8,8.7,7.6,4.0,4.4,4.1,3.1,2.5,4.1,5.3,5.6,8.5,7.5,5.9,5.2,5.1,4.8,5.1,4.2,3.4,2.4,1.4,1.2,1.3,1.4,1.4,1.8,1.2,1.2,1.6,1.6,2.0,1.6,1.4,1.3,1.6,1.7,1.9,1.6,"212,168","214,438","217,460","221,476","224,303","227,190","230,494","233,990","236,535","239,748","243,672","249,171","255,483","260,068","264,008","268,678","274,803","279,766"
E09000012,Hackney,195.9,188.0,191.9,186.1,183.8,170.9,159.9,141.5,143.6,128.6,121.4,115.9,112.9,110.3,101.1,97.7,101.1,91.2,33.4,31.1,32.3,32.3,33.6,34.1,34.5,32.5,31.4,28.0,28.1,24.6,21.8,22.6,23.5,28.9,31.5,27.9,1.9,1.8,1.8,1.8,2.0,2.1,2.1,1.7,1.7,1.8,1.9,1.7,1.5,1.5,1.7,2.1,2.4,2.2,12.2,11.2,14.5,11.7,11.5,9.0,8.6,7.7,5.8,4.8,4.6,4.5,4.9,4.9,3.9,3.8,3.7,3.5,24.1,21.1,20.7,22.8,20.4,18.2,16.4,12.2,12.3,11.9,10.8,10.4,8.9,10.1,11.2,9.6,9.6,8.4,76.4,80.8,81.2,78.9,78.6,69.1,67.0,56.9,52.8,46.0,45.3,50.3,52.4,51.8,45.7,39.5,39.3,37.8,14.7,11.9,11.4,8.7,8.0,7.8,4.7,3.6,4.0,3.6,3.9,3.4,3.3,2.7,0.1,0.1,0.1,0.1,25.9,23.7,23.6,22.4,20.0,19.1,15.2,14.3,13.6,10.4,10.0,9.1,8.5,7.2,6.5,7.4,7.5,6.0,5.0,4.7,4.7,6.0,7.8,9.9,9.8,11.2,20.1,20.2,14.9,10.5,10.3,8.0,7.0,4.7,5.2,3.7,2.3,1.8,1.7,1.8,1.9,1.5,1.6,1.5,1.8,1.8,1.7,1.4,1.3,1.4,1.5,1.7,1.8,1.6,"199,087","203,381","207,246","210,961","212,405","213,581","216,512","220,193","224,480","231,041","236,622","241,739","247,182","252,119","257,379","263,150","269,009","273,526"
E09000013,Hammersmith and Fulham,178.0,171.8,174.1,174.4,167.0,157.7,149.2,145.0,131.6,129.5,127.0,133.5,128.4,121.1,106.2,113.6,114.3,98.1,29.2,26.6,25.3,25.1,25.0,26.9,29.1,28.9,28.2,27.9,26.2,27.1,23.8,23.7,22.6,28.7,33.1,28.8,1.5,1.4,1.3,1.5,1.6,1.3,1.3,1.2,1.4,1.3,1.2,1.4,1.1,1.5,1.6,2.0,2.2,2.0,5.3,5.5,7.9,7.4,6.7,8.1,7.4,6.7,4.9,3.9,4.2,4.6,4.3,3.9,2.9,2.2,1.9,1.9,19.8,18.7,16.5,18.0,16.5,17.6,17.6,15.6,14.9,12.9,10.5,13.9,12.7,9.5,8.4,8.3,8.9,7.3,78.4,81.5,85.9,84.8,82.0,74.3,67.3,64.9,53.2,53.4,57.2,59.2,61.6,58.6,50.1,52.0,49.5,43.3,13.4,9.3,8.0,8.6,7.8,5.8,5.4,4.7,3.4,4.2,4.5,4.2,4.4,4.2,0.1,0.2,0.1,0.1,23.9,22.6,22.0,20.1,18.5,17.1,14.4,13.6,12.8,12.1,10.8,10.9,9.6,7.6,6.7,8.2,7.9,6.8,4.2,4.3,5.2,6.7,6.8,5.1,5.3,8.0,11.2,12.4,10.4,10.2,8.7,10.1,11.4,9.5,8.3,5.6,2.3,1.9,2.0,2.2,2.2,1.6,1.4,1.4,1.5,1.5,1.9,2.0,2.1,2.0,2.3,2.6,2.5,2.3,"160,634","164,393","169,374","171,989","171,510","172,083","173,292","174,675","176,472","177,088","180,116","180,842","182,445","179,850","178,685","178,365","179,410","179,654"
E09000014,Haringey,155.9,149.2,170.2,173.8,163.6,157.0,154.3,131.2,124.5,112.0,103.1,97.3,101.4,90.3,83.8,89.0,95.4,85.8,22.3,23.7,23.0,24.3,24.4,27.9,30.2,24.2,22.7,21.7,20.4,19.4,18.4,18.2,18.3,24.9,28.9,26.4,2.0,2.0,2.2,2.3,2.2,1.9,1.8,1.3,1.3,1.1,1.4,1.5,1.3,1.4,1.4,1.9,2.1,1.9,9.2,10.6,11.9,9.6,8.5,6.3,8.8,8.3,6.3,4.7,4.3,4.2,5.9,4.1,3.5,4.1,4.4,4.2,19.9,18.9,21.7,19.4,18.3,18.0,16.8,15.3,15.7,15.4,14.0,13.6,14.3,12.2,11.0,10.6,9.1,7.2,59.2,57.1,67.5,72.8,65.9,61.0,58.8,49.4,46.5,37.5,36.4,35.0,38.1,37.4,36.3,33.5,35.2,33.4,15.9,9.1,12.4,10.1,11.6,12.7,9.3,7.1,5.5,5.9,5.3,5.0,4.8,3.2,0.1,0.1,0.1,0.2,22.2,21.4,22.8,21.8,21.0,19.4,16.8,14.1,15.6,13.8,12.0,10.4,10.8,7.8,7.2,8.3,7.9,6.8,3.5,4.8,6.8,11.6,10.0,7.6,9.7,10.1,9.7,10.7,8.2,7.3,6.9,5.1,4.7,4.2,5.8,4.2,1.6,1.7,1.8,2.0,1.7,2.0,1.9,1.4,1.2,1.2,1.0,1.0,1.0,1.1,1.2,1.5,1.9,1.6,"218,559","219,845","221,251","224,474","225,027","226,472","229,271","233,174","236,793","244,459","249,805","252,742","255,540","258,912","263,386","267,541","272,864","278,451"
E09000015,Harrow,80.7,81.4,86.7,92.2,86.2,83.7,79.1,70.8,62.2,65.5,65.9,63.1,58.9,55.5,50.3,50.1,53.3,45.5,11.3,11.8,12.7,13.3,13.4,14.1,13.7,12.8,11.4,13.6,14.8,13.7,11.9,11.9,13.1,15.1,17.5,14.4,0.7,0.6,0.6,0.6,0.6,0.9,0.7,0.9,0.7,0.7,0.9,0.7,0.7,0.8,0.9,1.1,1.1,1.0,2.9,2.7,4.2,2.9,2.9,3.2,3.9,3.4,2.3,2.4,2.0,1.9,3.0,2.7,1.8,1.2,1.5,1.2,13.7,13.3,12.5,12.9,12.3,10.1,11.1,8.8,10.1,10.1,9.7,10.1,11.3,10.3,8.3,6.4,7.7,6.5,27.5,28.0,30.4,36.0,33.9,32.0,31.0,27.7,22.7,22.0,21.4,21.1,18.8,18.5,16.5,16.7,17.5,15.8,9.2,8.9,10.0,10.8,8.2,8.7,5.8,3.8,2.7,3.4,3.9,4.2,3.5,2.5,0.1,0.1,0.1,0.1,12.7,13.1,13.4,12.7,12.4,12.2,10.0,9.3,7.8,8.2,8.0,6.6,6.0,5.2,4.5,4.9,4.8,4.1,1.9,2.1,2.1,2.1,1.5,1.7,2.3,3.2,3.8,4.3,4.2,3.8,2.8,2.8,4.2,3.6,2.2,1.5,0.9,1.0,0.9,0.9,0.9,0.8,0.6,0.9,0.6,0.9,1.0,0.9,0.9,0.9,1.0,0.9,0.9,0.9,"207,909","209,114","210,044","212,336","213,728","216,267","221,109","223,632","226,355","229,567","233,495","237,451","240,499","242,377","243,372","246,011","247,130","248,752"
E09000016,Havering,83.2,87.8,97.3,95.7,98.4,94.9,95.9,87.6,74.9,77.7,73.3,74.4,72.7,68.7,62.5,62.4,67.7,58.1,11.8,12.4,14.4,17.3,17.4,18.6,18.4,15.9,13.6,13.5,14.5,15.7,13.8,13.8,14.2,17.1,21.8,20.3,0.6,0.7,0.8,0.8,0.8,0.7,0.9,0.6,0.6,0.8,0.9,0.9,0.8,0.8,0.9,1.8,1.5,1.3,1.1,1.7,2.4,2.1,2.3,2.0,2.0,2.4,1.4,1.5,1.5,1.8,2.1,1.7,1.1,1.2,1.4,1.0,10.5,10.5,11.4,10.6,9.6,10.3,10.8,11.0,9.7,10.8,11.9,9.8,12.2,11.5,9.9,8.1,7.4,6.1,35.8,35.2,38.4,36.5,37.7,34.2,38.5,33.5,27.3,28.9,26.7,27.6,27.3,26.9,25.4,23.3,24.1,19.8,7.1,7.5,7.4,7.4,7.5,7.5,6.8,5.5,3.9,5.0,3.0,3.9,3.7,1.8,0.0,0.1,0.1,0.0,13.2,17.1,19.2,18.2,20.3,18.9,15.6,15.0,12.7,12.0,9.8,9.0,7.7,6.4,6.1,6.6,6.8,6.1,2.4,2.0,2.4,1.9,2.1,2.2,2.2,2.9,5.0,4.4,4.1,4.8,4.1,4.7,3.8,2.9,3.1,2.2,0.7,0.7,0.9,0.9,0.7,0.7,0.7,0.7,0.6,0.8,0.9,0.9,1.0,1.0,1.0,1.4,1.5,1.2,"225,712","225,141","224,717","225,054","225,248","225,769","226,990","228,198","229,789","231,793","234,127","236,234","237,927","239,733","242,080","245,974","249,085","252,783"
E09000017,Hillingdon,107.2,108.7,118.4,118.2,118.3,111.8,112.9,110.6,102.7,97.4,91.0,87.3,86.9,73.2,67.2,75.2,73.8,63.5,15.2,16.6,19.4,20.2,21.1,23.8,24.9,23.2,22.9,23.5,22.1,21.1,19.5,17.3,17.6,23.7,25.1,21.4,0.9,0.8,1.1,1.1,1.1,1.1,1.2,1.0,1.0,0.9,1.1,1.1,0.9,1.0,1.1,1.4,1.5,0.1,1.6,1.9,2.6,2.4,2.1,2.4,3.5,3.8,3.1,3.0,2.6,3.2,3.4,2.8,1.8,1.6,1.1,0.0,17.4,16.6,14.8,14.4,12.8,12.6,12.5,12.5,13.1,12.0,12.1,11.9,14.0,11.0,9.9,8.8,7.2,6.2,41.3,43.0,42.9,43.7,43.2,39.7,38.5,39.2,33.5,30.6,29.5,27.9,29.7,26.5,24.6,27.1,25.9,22.7,8.4,6.4,10.8,9.2,8.4,6.6,4.7,4.0,4.2,4.9,4.3,4.0,3.4,2.2,0.0,0.1,0.1,0.1,19.6,20.7,23.6,23.1,26.0,22.1,21.1,18.9,16.4,14.2,12.2,11.8,9.8,7.7,7.6,7.9,7.9,6.9,1.8,1.7,2.2,3.1,2.6,2.5,5.6,6.5,7.5,6.9,5.9,5.1,5.1,3.6,3.5,3.4,3.8,2.3,1.1,0.9,1.0,1.0,1.0,0.9,0.9,1.4,1.1,1.3,1.2,1.4,1.1,1.2,1.2,1.3,1.3,1.3,"245,053","245,911","245,616","247,063","248,054","248,691","251,430","254,387","256,981","261,051","265,665","269,465","275,499","281,756","286,806","292,690","297,735","302,471"
E09000018,Hounslow,144.8,135.2,138.6,151.4,140.5,127.2,121.7,107.3,101.2,99.8,95.1,95.7,97.2,86.9,75.0,78.4,81.6,71.3,24.3,25.3,26.8,32.8,32.1,30.9,28.8,24.1,22.9,23.3,23.0,22.8,21.8,20.1,19.9,24.0,27.4,23.1,1.3,1.1,1.3,1.4,1.3,1.3,1.3,1.2,1.1,1.1,1.2,1.2,1.1,1.3,1.3,1.9,2.0,1.5,2.7,3.3,4.8,4.4,3.8,3.2,3.8,3.8,3.6,2.9,2.7,2.6,2.8,2.6,1.7,1.5,1.4,1.4,16.6,15.9,14.8,15.6,15.9,13.5,13.3,11.4,10.8,10.9,11.1,9.7,11.4,11.4,8.4,7.0,6.5,5.9,55.6,52.5,52.2,54.8,49.6,44.5,43.5,39.3,34.2,33.2,32.0,33.5,35.4,33.6,28.9,29.3,30.3,27.4,14.8,10.8,11.4,13.0,11.7,9.4,8.9,5.3,4.6,5.0,4.1,5.8,5.5,2.7,0.1,0.1,0.1,0.1,25.4,22.7,22.6,24.2,21.4,20.1,17.4,16.6,14.8,12.8,11.9,11.1,10.6,7.9,7.5,7.6,8.4,6.8,2.7,2.5,3.1,3.8,3.0,2.9,3.7,4.4,8.0,8.9,7.6,7.4,6.9,5.9,5.9,5.7,3.8,3.4,1.4,1.1,1.5,1.5,1.7,1.3,1.1,1.2,1.2,1.6,1.5,1.5,1.6,1.2,1.2,1.4,1.7,1.6,"214,298","214,731","215,976","216,888","216,498","219,440","223,776","228,126","233,454","237,907","243,366","249,236","254,927","259,052","262,407","265,568","268,770","271,139"
E09000019,Islington,218.7,202.2,209.7,218.9,225.6,209.9,201.9,190.2,160.2,153.0,144.5,140.3,131.0,132.0,114.1,118.6,123.6,99.9,29.9,30.6,31.6,35.2,36.5,42.1,38.2,33.9,28.4,30.0,29.7,29.6,24.6,25.6,23.8,31.1,34.2,28.1,1.9,1.5,1.9,2.4,2.3,2.0,1.9,1.6,1.4,1.4,1.4,1.5,1.4,1.4,1.5,2.0,2.1,2.0,10.0,8.5,9.2,9.2,7.7,6.9,7.7,8.0,6.4,5.7,5.0,4.9,5.9,5.5,4.2,4.3,4.2,1.5,27.9,24.1,25.5,24.6,21.9,20.4,20.1,20.1,17.7,15.7,14.5,13.4,13.7,11.0,11.6,10.3,10.6,6.9,91.4,92.1,98.9,105.8,113.7,98.6,98.5,90.5,72.0,62.6,62.9,65.1,62.3,66.1,56.7,54.2,54.1,44.7,21.6,12.9,9.0,8.0,7.7,8.2,5.2,7.5,2.5,3.8,4.3,4.1,3.4,3.7,0.1,0.1,0.2,0.1,27.5,26.2,25.8,25.9,27.0,23.8,21.3,18.5,15.5,13.9,12.8,10.8,10.0,8.5,7.7,9.1,8.9,6.7,5.9,4.4,5.1,5.3,6.1,6.0,7.4,8.3,14.6,17.6,11.9,9.2,8.0,8.3,6.5,5.5,7.2,6.1,2.4,1.9,2.6,2.5,2.7,1.9,1.6,1.7,1.7,2.2,2.1,1.7,1.8,2.0,1.8,2.1,2.3,1.9,"175,717","177,852","179,387","180,118","180,899","180,831","183,477","185,283","188,636","192,089","196,704","200,129","206,285","211,047","215,667","221,030","227,692","232,865"
E09000020,Kensington and Chelsea,208.4,198.6,182.5,194.8,180.8,161.8,146.9,147.2,144.2,135.2,129.0,132.0,131.2,133.6,115.5,120.6,124.7,109.8,22.3,21.4,18.9,21.2,20.4,19.7,19.7,21.8,19.4,19.4,18.4,18.4,17.4,17.3,17.1,25.7,29.0,25.6,1.2,0.9,1.2,1.9,1.6,1.9,1.3,1.2,0.9,1.0,1.0,1.1,1.1,1.3,1.4,2.2,1.9,2.9,5.6,6.4,7.3,4.1,4.8,4.8,5.4,4.8,4.0,3.1,3.4,3.3,3.9,4.1,3.4,2.8,2.8,5.1,23.4,23.0,17.4,15.3,15.6,15.6,14.5,13.2,10.9,11.4,9.8,11.1,10.5,11.2,11.2,10.1,9.9,7.7,106.6,107.1,105.1,115.0,105.4,90.3,81.9,80.5,77.1,67.1,67.8,70.3,75.4,77.4,68.4,66.7,64.4,54.3,25.1,17.6,11.7,13.9,11.1,9.2,6.6,4.9,4.0,5.1,6.3,5.1,4.9,5.6,0.2,0.1,0.1,0.2,17.8,16.4,15.0,16.0,13.9,12.7,10.6,10.3,9.5,8.3,7.3,7.3,7.4,6.4,5.5,6.5,6.6,5.6,4.6,4.0,4.2,5.7,6.2,6.3,5.7,9.1,16.7,18.0,13.6,14.0,9.4,9.0,6.8,4.8,8.0,9.7,1.8,1.9,1.7,1.8,1.7,1.2,1.1,1.4,1.4,1.7,1.5,1.5,1.1,1.3,1.5,1.7,2.0,1.9,"147,678","154,661","162,199","163,827","165,268","165,752","168,375","165,245","162,883","162,579","161,893","160,463","158,251","155,930","155,594","156,190","157,711","156,726"
E09000021,Kingston upon Thames,100.3,96.8,92.7,95.8,109.0,103.9,99.3,85.3,79.5,72.4,70.0,70.3,70.0,62.2,55.7,57.5,58.5,49.6,16.6,16.9,17.9,19.1,23.0,23.3,21.2,19.5,16.7,14.0,14.4,14.1,13.8,13.5,12.3,15.5,17.9,15.7,0.8,0.8,1.0,1.0,1.1,1.2,1.2,1.0,1.0,0.7,0.9,1.1,1.0,1.0,0.9,1.3,1.4,1.7,1.2,1.7,2.1,2.0,2.0,1.7,2.2,2.0,1.8,1.7,1.7,1.5,1.6,1.3,0.9,0.6,0.7,2.5,10.3,9.2,7.9,6.6,6.3,6.5,7.8,6.8,6.9,7.3,7.5,7.8,8.2,8.4,6.7,5.9,5.1,4.6,38.2,36.8,34.6,38.1,44.5,41.6,40.3,33.7,33.7,30.4,29.3,30.1,29.7,26.4,24.6,22.5,21.1,18.2,10.2,8.9,8.1,7.1,7.9,7.5,4.9,2.9,2.4,2.7,2.9,3.0,3.5,1.9,0.1,0.1,0.1,0.1,18.2,18.0,17.5,18.3,20.7,18.8,18.3,14.9,11.5,10.4,8.7,8.4,7.3,6.4,5.4,6.1,5.9,5.1,3.8,3.4,2.5,2.5,2.3,2.4,2.8,3.6,4.4,4.1,3.5,3.4,4.0,2.6,4.2,4.6,5.1,3.4,1.1,1.1,1.0,1.1,1.3,0.8,0.6,0.9,1.1,0.9,1.0,0.9,0.8,0.7,0.7,0.9,1.2,0.8,"146,003","147,328","149,045","149,642","149,683","151,055","152,489","153,667","154,485","156,027","157,307","158,648","160,436","163,906","166,793","169,958","173,525","176,107"
E09000022,Lambeth,195.7,188.7,208.8,198.5,183.5,166.9,151.2,138.6,125.8,121.7,120.6,119.8,121.5,112.5,104.8,103.8,107.9,90.8,30.9,29.3,30.1,33.5,34.8,35.8,32.4,29.7,26.9,27.1,26.5,25.8,23.4,22.0,23.4,30.1,32.9,27.4,2.0,2.1,2.0,2.1,1.8,2.2,2.1,1.7,1.4,1.7,1.9,1.8,1.7,1.6,1.8,2.4,2.7,0.7,12.7,17.4,23.6,14.7,12.1,11.0,10.8,10.4,8.5,7.5,8.2,9.2,10.2,8.5,7.2,4.1,3.6,0.3,25.9,22.8,25.5,20.9,18.3,15.1,14.0,13.1,13.0,12.0,12.6,11.5,12.4,12.1,12.1,8.9,8.2,8.0,73.8,71.9,81.2,77.9,71.1,63.4,57.6,49.4,43.6,40.5,42.0,44.9,48.5,49.3,44.2,39.7,41.2,34.4,17.2,15.0,14.4,12.6,10.7,7.6,4.5,3.8,2.8,3.5,3.6,4.1,4.0,3.1,0.2,0.1,0.2,0.1,25.9,23.6,23.8,23.2,21.8,20.0,17.2,15.9,14.1,12.6,12.2,10.8,9.9,7.9,7.7,8.3,8.4,7.2,5.7,5.1,6.3,11.6,10.7,9.9,10.7,12.3,13.2,14.6,11.6,10.2,10.2,6.8,6.7,8.3,8.7,6.5,1.7,1.6,1.8,1.9,2.2,1.9,1.9,2.3,2.3,2.2,1.9,1.5,1.4,1.4,1.5,1.9,2.0,1.7,"266,817","270,028","273,372","273,041","272,195","274,262","277,620","280,524","284,964","289,126","294,050","297,650","304,481","310,200","314,242","318,216","324,431","327,910"
E09000023,Lewisham,118.4,110.3,114.1,113.4,125.3,138.0,131.0,124.6,118.9,118.4,109.3,105.9,98.1,87.8,78.0,75.7,83.1,68.4,20.2,21.1,21.6,22.5,26.5,31.1,33.2,31.3,32.1,33.0,28.3,25.1,22.6,20.5,22.1,25.3,29.2,24.6,1.6,1.5,1.5,1.8,1.5,1.6,1.5,1.6,1.4,1.4,1.4,1.4,1.6,1.5,1.7,2.0,2.1,2.4,5.1,6.1,7.7,6.4,7.6,7.1,9.0,10.2,6.4,5.2,4.8,5.9,5.6,4.7,4.1,2.7,2.8,3.5,16.5,13.0,13.7,14.6,15.2,15.0,13.8,13.9,12.1,11.0,11.1,12.1,11.8,12.0,10.6,7.5,7.2,5.6,41.8,39.1,39.3,40.2,42.0,43.5,42.1,37.3,35.8,35.1,32.3,33.2,31.6,31.1,25.0,24.4,25.9,21.7,10.8,7.6,7.6,6.1,8.6,14.3,6.8,6.8,5.5,5.9,5.4,5.3,6.1,2.9,0.1,0.1,0.1,0.1,18.1,18.0,18.4,16.4,17.6,18.4,17.9,15.7,15.2,14.6,14.0,11.6,10.6,8.2,7.4,7.8,8.2,6.7,3.2,2.5,2.9,4.1,4.8,5.6,5.4,6.4,8.8,10.4,9.8,9.2,6.7,5.7,5.8,4.4,6.1,3.9,1.2,1.2,1.2,1.3,1.5,1.4,1.3,1.5,1.6,1.9,2.1,2.1,1.4,1.2,1.2,1.4,1.6,1.4,"250,310","252,106","254,336","253,662","251,936","252,455","254,930","257,976","261,188","266,508","270,418","272,525","276,938","281,556","286,180","291,933","297,325","301,867"
E09000024,Merton,90.8,88.0,92.9,93.8,99.0,91.5,90.8,83.5,77.3,77.3,74.9,73.9,70.6,66.1,57.1,59.8,63.2,53.5,15.7,15.6,16.5,18.2,19.1,20.1,19.2,17.5,18.9,19.1,17.1,14.4,12.6,12.6,12.5,16.0,20.1,16.6,0.7,0.6,1.0,0.9,0.8,1.1,1.1,0.9,1.0,1.1,0.9,1.1,0.9,0.9,1.1,1.0,1.5,2.8,1.7,2.1,3.3,3.6,3.1,2.4,3.3,3.1,2.8,2.8,2.8,2.8,3.4,2.7,1.8,1.5,1.2,3.6,11.0,9.5,10.3,10.1,10.7,9.3,9.4,9.5,8.3,9.7,9.6,11.4,11.1,9.9,8.4,8.5,6.9,5.7,32.6,30.8,33.2,34.6,36.3,34.0,35.4,31.0,25.5,24.1,25.7,27.2,26.0,26.9,23.5,22.3,23.1,20.3,8.5,8.5,8.4,7.5,7.9,6.4,5.1,4.9,3.4,3.6,2.9,2.6,3.1,2.2,0.1,0.0,0.1,0.1,18.0,18.6,17.9,16.6,17.7,15.3,14.0,12.9,11.1,11.2,10.3,9.2,8.2,6.3,5.8,6.6,7.0,5.6,1.6,1.4,1.3,1.3,2.0,1.8,2.3,2.5,5.2,4.6,4.7,4.7,4.8,3.9,3.0,2.9,2.3,1.8,1.0,0.8,1.0,1.1,1.2,0.8,0.9,1.2,1.1,1.1,0.8,0.6,0.5,0.8,0.8,0.9,1.0,1.0,"185,062","188,196","191,106","190,561","189,298","188,908","190,583","192,520","194,260","195,859","198,136","199,136","200,543","202,225","203,223","203,515","204,565","205,029"
E09000025,Newham,159.4,158.0,162.8,161.2,158.5,143.3,153.7,138.0,133.1,121.2,119.6,114.9,103.1,101.0,91.0,89.4,90.4,77.1,30.2,29.9,30.3,31.7,32.0,31.4,33.2,29.4,29.0,25.9,26.1,23.4,20.7,20.6,21.1,25.3,29.4,23.8,1.4,1.4,1.7,1.7,1.9,1.8,1.5,1.4,1.3,1.2,1.6,1.6,1.4,1.2,1.7,2.0,2.5,0.7,7.2,8.6,9.6,8.4,8.8,7.6,9.9,9.8,8.9,6.2,7.9,7.6,7.9,7.2,6.8,4.6,4.1,0.7,16.1,14.1,15.6,13.7,13.3,13.4,16.2,13.1,11.8,11.4,12.6,12.0,10.3,9.6,9.3,6.9,6.8,5.1,58.7,60.8,62.6,64.6,62.0,53.4,57.2,50.7,49.4,44.7,42.0,43.2,40.8,42.8,38.6,36.3,33.2,30.7,15.9,13.2,14.0,12.6,11.6,12.3,9.6,9.4,7.2,6.2,6.0,5.4,5.6,4.9,0.1,0.1,0.1,0.1,25.6,25.6,22.8,22.3,22.3,17.5,16.9,16.2,15.1,14.3,12.8,10.4,8.3,7.3,6.7,6.9,7.5,6.1,2.7,2.7,4.4,4.5,4.9,4.5,7.9,6.4,9.0,9.8,9.1,9.6,6.8,5.9,5.2,5.5,4.9,4.2,1.6,1.7,1.9,1.7,1.8,1.5,1.3,1.6,1.6,1.7,1.4,1.6,1.3,1.5,1.5,1.8,1.9,1.6,"240,517","245,463","249,411","255,282","256,224","254,434","253,798","257,994","266,285","276,478","286,447","299,171","310,460","314,084","318,227","324,322","332,817","340,978"
E09000026,Redbridge,103.2,105.2,115.8,117.6,114.9,105.2,98.1,96.4,86.7,92.0,88.9,89.1,86.2,78.8,69.5,68.7,66.2,56.7,15.2,15.6,15.4,18.7,18.9,18.9,15.8,16.9,16.3,15.7,15.9,15.0,13.8,14.5,15.8,19.9,20.9,17.8,0.8,0.8,1.0,0.9,0.9,1.1,0.8,0.8,0.8,1.0,0.9,0.8,1.0,0.9,1.2,1.7,1.8,2.0,2.7,3.8,5.0,4.5,4.8,5.0,5.3,5.3,3.6,3.9,3.4,3.7,4.1,3.5,3.1,2.4,2.1,4.3,13.2,11.7,12.0,12.2,12.1,12.3,13.0,11.9,11.1,12.8,12.6,13.2,12.8,11.7,10.0,8.7,6.7,6.1,40.9,42.3,47.8,48.0,46.0,41.6,40.0,36.9,30.5,32.1,31.7,33.4,31.9,31.7,26.8,23.8,23.3,21.1,13.6,12.8,14.7,13.0,11.5,9.0,7.7,8.7,5.5,7.4,5.8,5.5,5.2,3.2,0.1,0.1,0.1,0.1,14.6,15.6,17.1,16.7,17.1,14.5,11.1,10.4,9.3,10.0,9.1,8.5,8.3,5.6,5.2,5.6,5.6,4.7,1.4,1.6,1.7,2.4,2.2,2.0,3.3,4.7,8.9,8.3,8.7,8.0,8.0,6.7,6.2,5.1,4.2,2.6,0.9,1.0,1.1,1.3,1.3,0.9,1.0,0.8,0.8,0.9,0.9,0.9,1.0,1.0,1.2,1.4,1.4,1.1,"238,138","239,868","241,893","244,273","247,412","248,774","251,560","255,590","259,965","265,452","270,435","275,088","281,395","284,617","288,272","293,055","296,793","299,249"
E09000027,Richmond upon Thames,89.7,84.9,92.1,95.8,87.2,85.4,82.0,73.5,66.2,65.0,62.5,63.0,64.1,62.4,55.0,55.7,55.1,49.9,12.0,11.5,12.1,14.5,14.1,14.3,12.9,11.6,10.6,11.0,12.1,11.5,10.6,10.8,10.1,13.2,15.4,13.6,0.8,0.5,0.6,0.6,0.6,1.0,0.8,0.7,0.8,0.6,0.7,0.7,0.9,0.8,0.7,1.1,1.3,2.2,0.9,1.4,2.0,1.7,1.5,2.1,2.5,2.2,1.6,1.3,1.2,0.9,1.2,1.1,1.0,0.7,0.7,2.6,14.1,13.8,12.5,12.1,10.1,11.2,13.2,11.4,10.6,10.3,9.1,11.0,10.8,11.4,9.5,8.6,6.8,6.2,35.1,33.2,36.4,40.2,36.4,33.5,31.1,30.8,26.9,25.5,24.4,24.1,26.2,26.0,23.4,23.3,22.0,20.9,5.5,5.7,6.7,4.9,5.3,3.1,2.8,1.6,1.6,1.9,2.7,2.8,3.2,1.9,0.1,0.1,0.1,0.1,18.7,16.4,18.2,18.7,16.0,18.0,16.6,12.4,9.5,9.4,8.3,7.9,7.4,6.3,5.7,5.5,5.7,5.1,1.7,1.5,2.3,2.1,2.3,1.7,1.6,2.2,4.0,4.2,3.3,3.2,3.1,3.1,3.5,2.2,1.9,1.5,0.9,0.9,1.2,1.1,1.0,0.5,0.5,0.5,0.6,0.8,0.7,0.8,0.6,0.8,0.8,1.0,1.2,0.8,"172,782","172,920","174,311","175,441","177,182","179,312","181,508","182,520","182,421","182,927","184,394","186,304","187,527","189,145","191,365","193,585","194,730","195,846"
E09000028,Southwark,176.5,160.0,178.0,179.3,181.3,170.1,158.3,148.4,146.8,141.8,131.8,127.7,119.4,111.6,104.5,99.6,101.7,87.9,30.2,29.4,30.2,32.1,34.9,36.3,34.6,31.5,32.5,32.2,31.5,27.1,22.9,22.2,21.4,27.6,29.5,25.3,1.8,1.8,1.7,1.8,2.0,1.9,1.7,1.7,1.3,1.5,1.7,1.8,1.7,1.4,1.7,2.1,2.2,0.8,8.1,8.6,12.0,8.7,9.0,9.4,11.4,10.1,8.0,6.9,7.3,8.3,8.6,8.8,6.9,4.1,4.0,0.3,22.0,16.8,19.5,19.1,17.8,17.1,15.8,15.3,15.2,12.0,11.9,11.3,12.2,10.9,11.5,9.2,9.6,8.2,65.5,59.0,68.4,73.9,73.8,65.8,61.2,55.0,51.2,47.4,43.3,45.6,47.0,46.9,44.1,37.3,39.6,35.0,18.0,16.4,18.5,14.2,11.6,10.6,7.0,7.8,7.4,7.9,5.3,4.6,3.2,3.3,0.1,0.1,0.1,0.1,22.0,20.9,21.5,22.5,23.6,21.0,14.9,15.1,13.9,12.9,11.3,11.2,10.5,8.0,8.1,8.1,8.4,7.3,7.0,5.7,4.4,5.4,6.5,6.3,9.4,9.9,15.0,18.5,16.8,15.7,11.5,8.2,9.2,9.3,6.9,4.8,1.9,1.6,1.7,1.7,2.1,1.8,2.2,2.1,2.3,2.4,2.7,2.2,1.8,1.7,1.5,1.8,1.5,1.3,"247,853","252,726","256,712","256,269","255,242","257,257","261,811","267,553","272,626","276,973","281,120","283,777","288,717","293,530","298,464","302,538","308,901","313,223"
E09000029,Sutton,80.8,77.2,84.6,82.7,89.1,93.6,88.3,84.3,72.4,74.4,69.3,65.5,61.4,57.8,53.1,55.4,54.7,45.0,11.8,11.4,13.5,16.9,17.7,19.6,17.4,16.3,13.9,14.2,14.1,12.0,12.8,13.3,13.0,16.9,19.1,15.5,0.7,0.5,0.6,0.7,0.7,0.9,1.0,0.8,0.8,1.0,1.0,0.9,1.1,1.1,1.1,1.5,1.4,3.2,1.3,1.3,1.9,1.5,2.0,1.3,2.3,2.3,2.1,1.9,1.8,1.5,1.7,1.5,1.3,0.9,0.8,6.0,9.4,8.2,10.0,8.0,7.7,7.9,8.1,7.9,8.4,9.1,8.1,8.5,8.2,7.8,7.3,7.2,6.2,4.9,31.4,28.5,31.3,29.6,30.9,32.3,33.6,31.5,28.7,29.0,26.9,27.5,23.8,22.6,20.7,19.0,17.2,14.5,6.1,6.1,6.1,6.1,8.2,7.2,5.5,3.1,1.8,2.4,2.5,2.1,2.1,1.4,0.0,0.0,0.1,0.0,17.8,19.0,19.3,17.5,19.4,21.6,17.4,17.7,13.5,13.2,11.1,9.3,8.5,6.5,6.4,6.8,6.6,5.3,1.5,1.6,1.4,1.4,1.9,2.1,2.4,3.6,2.5,2.8,3.1,3.1,2.8,2.6,2.6,2.4,2.5,1.8,0.7,0.6,0.5,0.8,0.7,0.8,0.7,1.0,0.8,0.8,0.7,0.6,0.5,0.9,0.7,0.8,1.0,1.0,"179,375","180,485","181,461","181,265","181,267","181,094","182,103","182,882","184,174","185,860","188,167","189,321","191,123","193,630","195,914","198,134","200,145","202,220"
E09000030,Tower Hamlets,176.1,177.9,185.4,198.6,187.8,172.0,158.2,149.4,137.1,119.5,112.2,115.3,115.0,110.6,99.5,96.3,97.4,85.3,27.8,30.3,31.8,36.4,37.0,37.4,34.9,35.4,29.7,26.2,25.8,25.4,22.7,23.3,24.4,28.3,31.1,27.1,1.6,1.9,1.7,2.2,1.8,1.9,1.9,1.8,1.6,1.3,1.4,1.5,1.7,1.5,1.6,2.0,2.0,0.8,8.2,8.9,10.5,8.6,7.5,6.9,7.8,8.7,6.1,4.6,3.9,4.7,5.5,5.5,4.6,4.1,3.9,0.5,19.2,18.8,16.2,17.2,14.5,14.5,16.2,13.2,12.3,9.8,8.8,10.3,10.6,10.7,9.6,8.5,8.7,8.1,71.6,72.7,76.9,85.4,83.1,72.5,64.7,57.2,53.4,42.9,40.3,43.1,43.2,42.4,38.8,35.2,35.0,32.0,16.5,14.7,17.1,14.9,12.0,10.9,6.5,4.1,4.0,5.7,4.3,4.9,5.4,3.6,0.1,0.1,0.1,0.1,24.0,23.4,23.4,25.5,24.1,21.0,17.4,16.1,14.8,13.5,12.3,11.3,9.6,8.3,7.8,8.4,8.0,6.7,5.2,5.0,5.5,6.4,5.6,5.2,6.6,10.1,13.1,13.6,13.8,12.5,14.5,12.4,10.9,7.7,6.4,3.8,1.9,2.2,2.2,2.0,2.2,1.8,2.1,2.7,2.2,1.9,1.8,1.7,1.7,3.0,1.8,2.0,2.2,1.9,"193,507","197,133","201,090","207,031","208,651","211,154","213,382","218,400","225,251","231,893","240,495","248,520","256,012","263,003","272,890","284,015","295,236","304,854"
E09000031,Waltham Forest,122.3,116.5,136.3,144.2,137.9,131.1,132.9,125.4,109.3,108.4,109.9,108.4,95.8,93.2,83.1,77.5,80.4,64.9,20.7,21.7,22.4,24.3,26.8,27.7,30.1,26.2,23.0,23.2,23.5,21.5,19.0,19.0,20.4,24.1,26.6,22.3,1.1,1.1,1.3,1.3,1.2,1.1,1.2,1.0,0.9,0.9,1.2,1.1,1.2,1.0,1.5,1.6,1.8,2.2,4.3,5.8,9.7,8.0,7.4,8.0,10.5,8.5,6.2,6.1,6.7,6.9,6.5,4.8,3.3,2.7,2.2,3.9,17.0,14.1,18.1,17.0,14.7,14.0,13.8,13.5,12.4,13.7,13.6,14.1,12.3,11.1,10.3,8.5,8.0,5.9,41.9,41.1,47.1,55.0,51.4,48.6,46.4,44.4,37.8,35.7,37.0,40.6,37.5,39.3,33.7,27.1,27.2,23.2,16.8,12.8,15.3,16.4,12.6,8.4,6.9,6.7,4.4,4.6,6.3,5.9,4.6,3.7,0.1,0.1,0.1,0.2,16.8,16.4,18.2,17.8,20.1,18.0,16.2,15.2,13.9,13.2,11.5,10.2,8.9,7.3,6.7,6.6,7.6,5.9,2.5,2.4,3.1,3.4,2.7,4.2,6.5,8.2,9.2,9.7,8.7,7.0,4.7,5.7,5.9,5.4,5.2,2.7,1.2,1.1,1.2,1.0,1.2,1.1,1.3,1.5,1.3,1.2,1.4,1.2,1.0,1.2,1.3,1.4,1.6,1.3,"221,057","221,296","222,015","223,776","224,115","225,002","226,747","230,731","235,665","242,098","248,140","254,009","259,742","262,566","265,797","268,020","271,170","275,843"
E09000032,Wandsworth,134.5,129.8,131.4,131.7,121.3,113.6,106.4,104.5,93.7,85.2,85.1,81.7,79.3,82.5,71.6,72.3,74.1,65.8,20.1,18.2,18.4,19.5,19.3,21.2,21.7,19.6,18.0,17.3,17.5,16.1,13.3,13.3,13.7,19.1,22.5,18.4,1.1,1.1,1.3,1.3,1.2,1.2,1.2,1.2,1.2,1.1,1.1,1.2,1.1,1.1,1.2,1.5,1.9,1.3,4.6,5.3,7.2,6.5,5.7,5.3,5.9,6.0,4.8,3.9,4.3,4.2,3.9,4.1,2.9,1.6,1.7,1.7,17.8,15.0,16.0,16.5,13.2,13.0,11.0,13.7,11.5,9.8,9.9,10.6,10.2,10.9,9.7,8.4,7.6,6.1,56.8,54.8,55.3,54.8,52.0,45.9,43.2,41.1,38.3,34.5,32.9,33.3,36.1,39.1,34.0,31.6,30.6,29.5,14.6,14.2,11.2,10.7,7.9,7.8,5.6,4.0,3.1,2.9,3.1,2.9,3.0,3.0,0.1,0.1,0.1,0.1,16.1,17.9,17.9,16.5,16.7,15.1,12.4,10.3,10.3,9.9,9.3,8.5,7.4,6.2,5.6,5.9,5.8,5.0,2.3,2.4,3.0,4.7,3.7,2.9,4.5,7.6,5.5,4.6,5.7,3.9,3.3,3.8,3.3,2.8,2.4,2.3,1.2,1.0,1.1,1.2,1.4,1.1,1.1,0.9,0.9,1.1,1.1,1.0,1.0,1.0,1.1,1.4,1.6,1.1,"264,220","267,695","271,742","274,917","276,828","278,615","283,229","287,538","291,440","294,305","299,347","302,620","307,710","308,312","310,516","312,145","314,544","316,096"
E09000033,Westminster,463.0,424.4,424.3,414.0,375.8,369.8,320.8,297.4,289.8,289.6,295.1,294.7,302.0,277.0,238.3,206.9,203.1,171.3,48.1,43.2,43.0,47.6,45.3,48.7,42.3,37.8,38.2,39.2,40.7,40.2,37.7,31.4,32.3,38.6,42.3,39.0,3.3,2.6,3.8,3.4,3.3,3.6,3.3,2.6,2.5,2.5,2.4,2.5,2.8,2.2,2.6,3.6,3.4,2.3,13.0,12.2,13.6,8.4,6.8,7.0,7.1,7.9,7.5,8.5,7.9,8.9,9.4,11.1,10.4,7.5,6.6,2.0,29.2,27.5,27.8,25.3,20.4,21.0,18.6,17.1,16.2,17.2,16.3,15.3,15.8,17.9,17.5,14.1,13.2,10.7,271.3,260.7,261.1,258.8,232.8,225.4,196.6,180.7,171.6,169.0,176.0,172.0,180.7,171.5,143.0,118.8,116.6,94.4,47.8,34.8,33.2,27.7,27.2,24.1,16.7,10.2,9.6,10.3,10.0,10.3,10.7,9.2,0.4,0.3,0.3,0.4,28.6,26.0,23.7,22.7,21.2,18.3,14.6,13.8,14.5,14.4,14.5,13.1,11.1,9.7,9.4,8.7,8.7,7.5,16.3,13.2,13.6,14.9,13.8,17.1,17.6,23.5,26.0,24.5,23.4,28.4,30.2,20.7,18.7,11.5,8.9,7.2,5.3,4.1,4.5,5.2,5.1,4.6,4.0,3.9,3.7,3.9,3.9,3.9,3.6,3.3,4.0,3.7,3.2,2.6,"189,233","196,478","203,329","208,100","211,009","214,557","223,132","222,829","220,619","218,673","216,980","217,187","219,582","223,858","226,841","233,292","242,299","247,614"
#N/A,Heathrow,n/a,n/a,n/a,n/a,n/a,n/a,n/a,n/a,n/a,n/a,n/a,n/a,n/a,n/a,n/a,n/a,n/a,n/a,n/a,n/a,n/a,n/a,n/a,n/a,n/a,n/a,n/a,n/a,n/a,n/a,n/a,n/a,n/a,n/a,n/a,n/a,n/a,n/a,n/a,n/a,n/a,n/a,n/a,n/a,n/a,n/a,n/a,n/a,n/a,n/a,n/a,n/a,n/a,n/a,n/a,n/a,n/a,n/a,n/a,n/a,n/a,n/a,n/a,n/a,n/a,n/a,n/a,n/a,n/a,n/a,n/a,n/a,n/a,n/a,n/a,n/a,n/a,n/a,n/a,n/a,n/a,n/a,n/a,n/a,n/a,n/a,n/a,n/a,n/a,n/a,n/a,n/a,n/a,n/a,n/a,n/a,n/a,n/a,n/a,n/a,n/a,n/a,n/a,n/a,n/a,n/a,n/a,n/a,n/a,n/a,n/a,n/a,n/a,n/a,n/a,n/a,n/a,n/a,n/a,n/a,n/a,n/a,n/a,n/a,n/a,n/a,n/a,n/a,n/a,n/a,n/a,n/a,n/a,n/a,n/a,n/a,n/a,n/a,n/a,n/a,n/a,n/a,n/a,n/a,n/a,n/a,n/a,n/a,n/a,n/a,n/a,n/a,n/a,n/a,n/a,n/a,n/a,n/a,n/a,n/a,n/a,n/a,n/a,n/a,n/a,n/a,n/a,n/a,n/a,n/a,n/a,n/a,n/a,n/a,n/a,n/a,n/a,n/a,n/a,n/a,n/a,n/a,n/a,n/a,n/a,n/a,n/a,n/a,n/a,n/a,n/a,n/a,n/a,n/a,n/a,n/a,n/a,n/a
E13000001,Inner London,195.5,186.8,195.5,196.2,188.6,177.5,166.1,155.3,144.7,136.8,131.8,129.8,127.0,120.3,107.1,104.8,107.8,92.3,28.3,27.6,27.8,29.8,30.8,32.9,32.2,29.6,28.0,27.3,26.5,25.0,22.3,21.5,21.7,27.3,30.8,26.5,1.8,1.7,1.9,2.0,1.9,2.0,1.8,1.6,1.4,1.4,1.5,1.6,1.5,1.4,1.6,2.1,2.3,1.6,8.4,9.3,11.5,8.8,8.1,7.4,8.3,8.3,6.6,5.5,5.6,6.0,6.5,6.0,5.1,3.8,3.7,2.0,21.9,19.6,20.2,19.5,17.4,16.6,15.9,14.9,13.8,12.7,12.1,12.2,12.1,11.6,11.2,9.4,9.1,7.4,85.5,85.1,90.3,92.8,88.5,79.6,74.4,67.9,61.2,55.5,55.1,56.5,58.4,57.8,50.6,45.7,45.6,39.7,19.1,14.7,14.5,12.5,11.6,11.3,7.5,6.1,4.9,5.3,5.0,4.9,4.8,4.1,0.1,0.1,0.1,0.1,23.0,22.1,21.9,21.5,20.9,18.7,15.9,14.7,13.8,12.6,11.7,10.5,9.5,7.8,7.2,7.7,7.8,6.5,5.5,4.9,5.5,7.3,7.3,7.2,8.4,10.3,13.2,14.6,12.4,11.3,10.3,8.4,7.8,6.5,6.3,4.9,2.0,1.8,2.0,2.0,2.2,1.8,1.8,1.9,1.8,2.0,1.9,1.8,1.6,1.7,1.7,1.9,2.0,1.7,"2,750,716","2,804,949","2,859,375","2,890,923","2,898,563","2,915,912","2,957,048","2,989,670","3,030,764","3,078,914","3,134,393","3,179,428","3,241,102","3,284,967","3,335,438","3,395,655","3,472,058","3,529,346"
E13000002,Outer London,107.1,104.5,110.1,112.9,113.0,108.8,106.7,98.2,89.9,88.7,85.9,83.4,80.6,74.4,67.1,68.1,69.9,59.8,16.7,17.5,18.3,20.6,21.5,23.3,22.3,20.2,18.7,19.0,18.9,17.6,16.4,15.7,16.0,20.3,22.9,19.9,0.9,0.9,1.0,1.0,1.0,1.1,1.1,1.0,1.0,0.9,1.1,1.1,1.0,1.0,1.2,1.5,1.6,1.6,2.9,3.4,4.6,3.8,3.8,3.8,4.6,4.5,3.7,3.3,3.3,3.4,3.6,3.0,2.2,1.7,1.7,2.1,14.5,12.9,13.0,12.7,12.2,11.7,12.4,11.3,11.1,11.5,11.4,11.2,11.5,10.9,9.4,8.1,7.3,5.9,39.3,38.9,40.6,42.6,41.9,39.0,38.7,34.6,30.8,29.6,28.7,29.2,28.5,28.3,25.8,24.3,24.2,21.4,11.1,9.2,10.1,10.1,9.7,8.1,6.4,5.3,3.8,4.7,4.6,4.5,4.5,2.7,0.1,0.1,0.1,0.1,18.3,18.5,19.1,18.3,19.3,18.0,16.5,15.1,13.0,11.9,10.7,9.6,8.5,6.8,6.4,6.7,7.0,5.9,2.3,2.2,2.3,2.7,2.5,2.7,3.9,5.0,6.7,6.6,6.0,5.7,5.5,4.9,4.9,4.2,3.6,2.6,1.0,1.0,1.0,1.1,1.1,1.1,0.9,1.0,1.0,1.1,1.2,1.1,1.1,1.1,1.1,1.3,1.4,1.3,"4,403,196","4,431,763","4,463,028","4,485,748","4,496,254","4,516,818","4,561,961","4,608,155","4,662,709","4,733,247","4,808,201","4,882,067","4,963,305","5,023,402","5,081,097","5,143,034","5,201,655","5,258,546"
,,,,,,,,,,,,,,,,,,,,,,,,,,,,,,,,,,,,,,,,,,,,,,,,,,,,,,,,,,,,,,,,,,,,,,,,,,,,,,,,,,,,,,,,,,,,,,,,,,,,,,,,,,,,,,,,,,,,,,,,,,,,,,,,,,,,,,,,,,,,,,,,,,,,,,,,,,,,,,,,,,,,,,,,,,,,,,,,,,,,,,,,,,,,,,,,,,,,,,,
E12000007,Met Police Area,142.1,137.4,144.4,146.5,143.5,136.6,130.9,121.3,112.0,108.2,104.4,102.1,99.3,92.9,83.3,83.1,85.4,73.2,21.2,21.5,22.0,24.2,25.2,27.2,26.2,24.0,22.5,22.3,22.0,20.6,18.8,18.0,18.3,23.1,26.1,22.5,1.2,1.2,1.4,1.4,1.4,1.5,1.4,1.2,1.1,1.1,1.2,1.3,1.2,1.2,1.4,1.7,1.9,1.7,5.0,5.7,7.3,5.8,5.5,5.3,6.0,6.0,4.8,4.2,4.2,4.4,4.7,4.2,3.4,2.6,2.5,2.2,17.4,15.5,15.8,15.4,14.2,13.7,13.8,12.7,12.2,12.0,11.7,11.6,11.7,11.2,10.1,8.6,8.0,6.5,57.6,57.4,60.6,62.9,60.7,55.5,53.2,48.1,43.2,40.1,39.4,40.2,40.6,40.2,35.8,33.0,32.9,28.9,14.3,11.5,12.0,11.2,10.6,9.4,7.0,5.7,4.3,5.0,4.8,4.7,4.7,3.3,0.1,0.1,0.1,0.1,20.1,19.9,20.2,19.6,19.9,18.3,16.3,15.0,13.3,12.2,11.1,10.0,8.9,7.2,6.7,7.1,7.3,6.2,3.6,3.3,3.6,4.5,4.4,4.4,5.7,7.1,9.3,9.8,8.5,7.9,7.4,6.3,6.1,5.1,4.7,3.5,1.5,1.4,1.5,1.5,1.6,1.4,1.3,1.5,1.4,1.5,1.5,1.4,1.3,1.4,1.4,1.6,1.8,1.6,"7,153,912","7,236,712","7,322,403","7,376,671","7,394,817","7,432,730","7,519,009","7,597,825","7,693,473","7,812,161","7,942,594","8,061,495","8,204,407","8,308,369","8,416,535","8,538,689","8,673,713","8,787,892"
,,,,,,,,,,,,,,,,,,,,,,,,,,,,,,,,,,,,,,,,,,,,,,,,,,,,,,,,,,,,,,,,,,,,,,,,,,,,,,,,,,,,,,,,,,,,,,,,,,,,,,,,,,,,,,,,,,,,,,,,,,,,,,,,,,,,,,,,,,,,,,,,,,,,,,,,,,,,,,,,,,,,,,,,,,,,,,,,,,,,,,,,,,,,,,,,,,,,,,,
727,England and Wales,n/a,n/a,n/a,112.2,112.3,104.7,102.3,99.2,89.8,84.6,77.5,74.5,70.8,66.0,n/a,n/a,n/a,n/a,n/a,n/a,n/a,15.9,18.1,19.5,19.5,19.1,17.4,16.2,15.5,14.5,14.6,10.6,n/a,n/a,n/a,n/a,n/a,n/a,n/a,0.9,1.0,1.1,1.1,1.0,1.0,0.9,1.0,1.0,1.0,0.9,n/a,n/a,n/a,n/a,n/a,n/a,n/a,2.1,1.9,1.7,1.8,1.8,1.5,1.4,1.3,1.4,1.3,1.2,n/a,n/a,n/a,n/a,n/a,n/a,n/a,16.9,15.5,12.8,12.0,11.5,10.7,10.6,9.8,9.4,8.9,8.1,n/a,n/a,n/a,n/a,n/a,n/a,n/a,18.6,16.8,13.9,13.4,14.1,12.0,10.7,8.9,8.1,7.4,24.6,n/a,n/a,n/a,n/a,n/a,n/a,n/a,45.0,42.9,38.1,37.0,21.3,20.1,19.2,18.3,19.4,19.7,4.0,n/a,n/a,n/a,n/a,n/a,n/a,n/a,6.3,6.0,5.2,4.3,3.7,2.8,3.0,2.7,2.6,2.5,9.4,n/a,n/a,n/a,n/a,9.7,n/a,n/a,21.1,22.8,22.3,21.9,21.7,18.9,16.9,14.5,12.6,11.2,3.7,n/a,n/a,n/a,n/a,n/a,n/a,n/a,4.1,4.1,3.9,4.7,3.5,4.1,4.3,4.1,4.2,4.1,3.4,n/a,n/a,n/a,n/a,"51,933,471","52,140,181","52,359,978","52,602,143","52,863,238","53,152,022","53,575,343","53,950,854","54,387,392","54,841,720","55,235,253","55,692,423","56,170,927","56,567,796","56,948,229","57,408,654","57,885,413","58,381,217"
